RECIFE/CABROBO;519; R$  155,75 
RECIFE/CARUARU;123; R$  36,91 
RECIFE/ARCOVERDE;247; R$  74,12 
RECIFE/IBIMIRIM;324; R$  97,23 
RECIFE/FLORESTA;424; R$  127,24 
RECIFE/BELEM DO SAO FRANCISCO;469; R$  140,75 
RECIFE/CABROBO;519; R$  155,75 
CARUARU/ARCOVERDE;128; R$  38,41 
CARUARU/IBIMIRIM;203; R$  60,92 
CARUARU/FLORESTA;303; R$  90,93 
CARUARU/BELEM DO SAO FRANCISCO;348; R$  104,43 
CARUARU/CABROBO;398; R$  119,44 
ARCOVERDE/IBIMIRIM;78,8; R$  23,65 
ARCOVERDE/FLORESTA;179; R$  53,72 
ARCOVERDE/BELEM DO SAO FRANCISCO;224; R$  67,22 
ARCOVERDE/CABROBO;274; R$  82,23 
IBIMIRIM/FLORESTA;101; R$  30,31 
IBIMIRIM/BELEM DO SAO FRANCISCO;146; R$  43,81 
IBIMIRIM/CABROBO;195; R$  58,52 
FLORESTA/BELEM DO SAO FRANCISCO;47; R$  14,10 
FLORESTA/CABROBO;96; R$  28,81 
BELEM DO SAO FRANCISCO/CABROBO;50; R$  15,00 
RECIFE/SALGUEIRO;502; R$  150,65 
RECIFE/SALGUEIRO;502; R$  253,09 
RECIFE/CARUARU;123; R$  36,91 
RECIFE/CARUARU;123; R$  62,01 
RECIFE/ARCOVERDE;247; R$  74,12 
RECIFE/ARCOVERDE;247; R$  124,53 
RECIFE/SERRA TALHADA;403; R$  120,94 
RECIFE/SERRA TALHADA;403; R$  203,18 
RECIFE/MIRANDIBA;473; R$  141,95 
RECIFE/MIRANDIBA;473; R$  238,47 
RECIFE/SALGUEIRO;502; R$  150,65 
RECIFE/SALGUEIRO;502; R$  253,09 
CARUARU/ARCOVERDE;128; R$  38,41 
CARUARU/ARCOVERDE;128; R$  64,53 
CARUARU/SERRA TALHADA;280; R$  84,03 
CARUARU/SERRA TALHADA;280; R$  141,17 
CARUARU/MIRANDIBA;342; R$  102,63 
CARUARU/MIRANDIBA;342; R$  172,42 
CARUARU/SALGUEIRO;381; R$  114,34 
CARUARU/SALGUEIRO;381; R$  192,09 
ARCOVERDE/SERRA TALHADA;178; R$  53,42 
ARCOVERDE/SERRA TALHADA;178; R$  89,74 
ARCOVERDE/MIRANDIBA;243; R$  72,92 
ARCOVERDE/MIRANDIBA;243; R$  122,51 
ARCOVERDE/SALGUEIRO;255; R$  76,52 
ARCOVERDE/SALGUEIRO;255; R$  128,56 
SERRA TALHADA/MIRANDIBA;63; R$  18,91 
SERRA TALHADA/MIRANDIBA;63; R$  31,76 
SERRA TALHADA/SALGUEIRO;102; R$  30,61 
SERRA TALHADA/SALGUEIRO;102; R$  51,42 
MIRANDIBA/SALGUEIRO;64; R$  19,21 
MIRANDIBA/SALGUEIRO;64; R$  32,27 
RECIFE/ARARIPINA;672; R$  201,66 
RECIFE/ARARIPINA;672; R$  338,80 
RECIFE/CARUARU;123; R$  36,91 
RECIFE/CARUARU;123; R$  62,01 
RECIFE/ARCOVERDE;247; R$  74,12 
RECIFE/ARCOVERDE;247; R$  124,53 
RECIFE/CUSTODIA;325; R$  97,53 
RECIFE/CUSTODIA;325; R$  163,85 
RECIFE/SERRA TALHADA;403; R$  120,94 
RECIFE/SERRA TALHADA;403; R$  203,18 
RECIFE/BOM NOME (SAO JOSE DO BELMONTE);439; R$  131,74 
RECIFE/BOM NOME (SAO JOSE DO BELMONTE);439; R$  221,33 
RECIFE/SALGUEIRO;502; R$  150,65 
RECIFE/SALGUEIRO;502; R$  253,09 
RECIFE/PARNAMIRIM;551; R$  165,35 
RECIFE/PARNAMIRIM;551; R$  277,79 
RECIFE/OURICURI;611; R$  183,36 
RECIFE/OURICURI;611; R$  308,04 
RECIFE/TRINDADE;636; R$  190,86 
RECIFE/TRINDADE;636; R$  320,65 
RECIFE/ARARIPINA;672; R$  201,66 
RECIFE/ARARIPINA;672; R$  338,80 
CARUARU/ARCOVERDE;128; R$  38,41 
CARUARU/ARCOVERDE;128; R$  64,53 
CARUARU/CUSTODIA;204; R$  61,22 
CARUARU/CUSTODIA;204; R$  102,85 
CARUARU/SERRA TALHADA;280; R$  84,03 
CARUARU/SERRA TALHADA;280; R$  141,17 
CARUARU/BOM NOME;320; R$  96,03 
CARUARU/BOM NOME;320; R$  161,33 
CARUARU/SALGUEIRO;381; R$  114,34 
CARUARU/SALGUEIRO;381; R$  192,09 
CARUARU/PARNAMIRIM;431; R$  129,34 
CARUARU/PARNAMIRIM;431; R$  217,29 
CARUARU/OURICURI;491; R$  147,35 
CARUARU/OURICURI;491; R$  247,54 
CARUARU/TRINDADE;515; R$  154,55 
CARUARU/TRINDADE;515; R$  259,64 
CARUARU/ARARIPINA;551; R$  165,35 
CARUARU/ARARIPINA;551; R$  277,79 
ARCOVERDE/CUSTODIA;80; R$  24,01 
ARCOVERDE/CUSTODIA;80; R$  40,33 
ARCOVERDE/SERRA TALHADA;178; R$  53,42 
ARCOVERDE/SERRA TALHADA;178; R$  89,74 
ARCOVERDE/BOM NOME;216; R$  64,82 
ARCOVERDE/BOM NOME;216; R$  108,90 
ARCOVERDE/SALGUEIRO;255; R$  76,52 
ARCOVERDE/SALGUEIRO;255; R$  128,56 
ARCOVERDE/PARNAMIRIM;306; R$  91,83 
ARCOVERDE/PARNAMIRIM;306; R$  154,27 
ARCOVERDE/OURICURI;366; R$  109,84 
ARCOVERDE/OURICURI;366; R$  184,52 
ARCOVERDE/TRINDADE;391; R$  117,34 
ARCOVERDE/TRINDADE;391; R$  197,13 
ARCOVERDE/ARARIPINA;427; R$  128,14 
ARCOVERDE/ARARIPINA;427; R$  215,28 
CUSTODIA/SERRA TALHADA;77; R$  23,11 
CUSTODIA/SERRA TALHADA;77; R$  38,82 
CUSTODIA/BOM NOME;114; R$  34,21 
CUSTODIA/BOM NOME;114; R$  57,47 
CUSTODIA/SALGUEIRO;178; R$  53,42 
CUSTODIA/SALGUEIRO;178; R$  89,74 
CUSTODIA/PARNAMIRIM;227; R$  68,12 
CUSTODIA/PARNAMIRIM;227; R$  114,44 
CUSTODIA/OURICURI;287; R$  86,13 
CUSTODIA/OURICURI;287; R$  144,69 
CUSTODIA/TRINDADE;312; R$  93,63 
CUSTODIA/TRINDADE;312; R$  157,30 
CUSTODIA/ARARIPINA;348; R$  104,43 
CUSTODIA/ARARIPINA;348; R$  175,45 
SERRA TALHADA/BOM NOME;39; R$  11,70 
SERRA TALHADA/BOM NOME;39; R$  19,66 
SERRA TALHADA/SALGUEIRO;102; R$  30,61 
SERRA TALHADA/SALGUEIRO;102; R$  51,42 
SERRA TALHADA/PARNAMIRIM;152; R$  45,61 
SERRA TALHADA/PARNAMIRIM;152; R$  76,63 
SERRA TALHADA/OURICURI;211; R$  63,32 
SERRA TALHADA/OURICURI;211; R$  106,38 
SERRA TALHADA/TRINDADE;236; R$  70,82 
SERRA TALHADA/TRINDADE;236; R$  118,98 
SERRA TALHADA/ARARIPINA;273; R$  81,93 
SERRA TALHADA/ARARIPINA;273; R$  137,64 
BOM NOME/SALGUEIRO;63; R$  18,91 
BOM NOME/SALGUEIRO;63; R$  31,76 
BOM NOME/PARNAMIRIM;113; R$  33,91 
BOM NOME/PARNAMIRIM;113; R$  56,97 
BOM NOME/OURICURI;173; R$  51,92 
BOM NOME/OURICURI;173; R$  87,22 
BOM NOME/TRINDADE;198; R$  59,42 
BOM NOME/TRINDADE;198; R$  99,82 
BOM NOME/ARARIPINA;234; R$  70,22 
BOM NOME/ARARIPINA;234; R$  117,97 
SALGUEIRO/PARNAMIRIM;173; R$  51,92 
SALGUEIRO/PARNAMIRIM;173; R$  87,22 
SALGUEIRO/OURICURI;112; R$  33,61 
SALGUEIRO/OURICURI;112; R$  56,47 
SALGUEIRO/TRINDADE;137; R$  41,11 
SALGUEIRO/TRINDADE;137; R$  69,07 
SALGUEIRO/ARARIPINA;173; R$  51,92 
SALGUEIRO/ARARIPINA;173; R$  87,22 
PARNAMIRIM/OURICURI;61; R$  18,31 
PARNAMIRIM/OURICURI;61; R$  30,75 
PARNAMIRIM/TRINDADE;86; R$  25,81 
PARNAMIRIM/TRINDADE;86; R$  43,36 
PARNAMIRIM/ARARIPINA;122; R$  36,61 
PARNAMIRIM/ARARIPINA;122; R$  61,51 
OURICURI/TRINDADE;25; R$  7,50 
OURICURI/TRINDADE;25; R$  12,60 
OURICURI/ARARIPINA;61; R$  18,31 
OURICURI/ARARIPINA;61; R$  30,75 
TRINDADE/ARARIPINA;36; R$  10,80 
TRINDADE/ARARIPINA;36; R$  18,15 
RECIFE/TABIRA;389; R$  116,74 
RECIFE/CARUARU;123; R$  36,91 
RECIFE/SERTÂNIA;302; R$  90,63 
RECIFE/IGUARACY;348; R$  104,43 
RECIFE/AFOGADOS DA INGAZEIRA;366; R$  109,84 
RECIFE/TABIRA;389; R$  116,74 
CARUARU/SERTÂNIA;183; R$  54,92 
CARUARU/IGUARACY;229; R$  68,72 
CARUARU/AFOGADOS DA INGAZEIRA;247; R$  74,12 
CARUARU/TABIRA;268; R$  80,43 
SERTÂNIA/IGUARACY;48; R$  14,40 
SERTÂNIA/AFOGADOS DA INGAZEIRA;66; R$  19,81 
SERTÂNIA/TABIRA;89; R$  26,71 
IGUARACY/AFOGADOS DA INGAZEIRA;18; R$  5,40 
IGUARACY/TABIRA;41; R$  12,30 
AFOGADOS DA INGAZEIRA/TABIRA;23; R$  6,90 
RECIFE/PESQUEIRA;202; R$  51,41 
RECIFE/CARUARU;123; R$  31,30 
RECIFE/BELO JARDIM;170; R$  43,26 
RECIFE/PESQUEIRA;202; R$  51,41 
CARUARU/BELO JARDIM;50; R$  12,72 
CARUARU/PESQUEIRA;81; R$  20,61 
BELO JARDIM/PESQUEIRA;32; R$  8,14 
RECIFE/PETROLINA;701; R$  494,78 
RECIFE/CABROBO;519; R$  366,32 
RECIFE/OROCO;557; R$  393,15 
RECIFE/SANTA MARIA DA BOA VISTA;593; R$  418,56 
RECIFE/LAGOA GRANDE;648; R$  457,38 
CARUARU/CABROBO;398; R$  280,92 
CARUARU/OROCO;436; R$  307,74 
CARUARU/SANTA MARIA DA BOA VISTA;473; R$  333,86 
CARUARU/LAGOA GRANDE;528; R$  372,68 
CARUARU/PETROLINA;581; R$  410,09 
CABROBO/SANTA MARIA DA BOA VISTA;74; R$  52,23 
CABROBO/LAGOA GRANDE;130; R$  91,76 
CABROBO/PETROLINA;183; R$  129,17 
OROCO/SANTA MARIA DA BOA VISTA;37; R$  26,12 
OROCO/LAGOA GRANDE;91; R$  64,23 
OROCO/PETROLINA;145; R$  102,34 
RECIFE/TRIUMFO (EXTENSAO STA CRUZ DA BAIXA VERDE);;
RECIFE/CARUARU;123; R$  36,91 
RECIFE/ARCOVERDE;247; R$  74,12 
RECIFE/SERTÂNIA;302; R$  90,63 
RECIFE/IGUARACY;348; R$  104,43 
RECIFE/AFOGADOS DA INGAZEIRA;366; R$  109,84 
RECIFE/CARNAÍBA;389; R$  116,74 
RECIFE/FLORES;375; R$  112,54 
RECIFE/TRIUMFO;395; R$  118,54 
RECIFE/SANTA CRUZ DA BAIXA VERDE;401; R$  120,34 
CARUARU/ARCOVERDE;128; R$  38,41 
CARUARU/SERTÂNIA;183; R$  54,92 
CARUARU/IGUARACY;229; R$  68,72 
CARUARU/AFOGADOS DA INGAZEIRA;247; R$  74,12 
CARUARU/CARNAÍBA;278; R$  83,43 
CARUARU/FLORES;254; R$  76,22 
CARUARU/TRIUMFO;274; R$  82,23 
CARUARU/SANTA CRUZ DA BAIXA VERDE;280; R$  84,03 
ARCOVERDE/SERTÂNIA;58; R$  17,41 
ARCOVERDE/IGUARACY;102; R$  30,61 
ARCOVERDE/AFOGADOS DA INGAZEIRA;121; R$  36,31 
ARCOVERDE/CARNAÍBA;144; R$  43,21 
ARCOVERDE/FLORES;165; R$  49,52 
ARCOVERDE/TRIUMFO;184; R$  55,22 
ARCOVERDE/SANTA CRUZ DA BAIXA VERDE;191; R$  57,32 
SERTÂNIA/IGUARACY;48; R$  14,40 
SERTÂNIA/AFOGADOS DA INGAZEIRA;66; R$  19,81 
SERTÂNIA/CARNAÍBA;88; R$  26,41 
SERTÂNIA/FLORES;111; R$  33,31 
SERTÂNIA/TRIUMFO;131; R$  39,31 
SERTÂNIA/SANTA CRUZ DA BAIXA VERDE;139; R$  41,71 
IGUARACY/AFOGADOS DA INGAZEIRA;18; R$  5,40 
IGUARACY/CARNAÍBA;41,2; R$  12,36 
IGUARACY/FLORES;64,6; R$  19,39 
IGUARACY/TRIUMFO;84,5; R$  25,36 
IGUARACY/SANTA CRUZ DA BAIXA VERDE;91,8; R$  27,55 
AFOGADOS DA INGAZEIRA/CARNAÍBA;23,5; R$  7,05 
AFOGADOS DA INGAZEIRA/FLORES;45,2; R$  13,56 
AFOGADOS DA INGAZEIRA/TRIUMFO;64,3; R$  19,30 
AFOGADOS DA INGAZEIRA/SANTA CRUZ DA BAIXA VERDE;71,7; R$  21,52 
CARNAÍBA/FLORES;23,3; R$  6,99 
CARNAÍBA/TRIUMFO;42,2; R$  12,66 
CARNAÍBA/SANTA CRUZ DA BAIXA VERDE;49,7; R$  14,91 
FLORES/TRIUMFO;19,9; R$  5,97 
FLORES/SANTA CRUZ DA BAIXA VERDE;26,9; R$  8,07 
TRIUMFO/SANTA CRUZ DA BAIXA VERDE;7; R$  3,00 
RECIFE/GARANHUNS  (EXTENSAO ÁGUAS BELAS);301; R$  72,26 
RECIFE/GARANHUNS;301; R$  90,33 
RECIFE/CARUARU;123; R$  29,53 
RECIFE/CARUARU;123; R$  36,91 
RECIFE/CACHOEIRINHA;160; R$  38,41 
RECIFE/CACHOEIRINHA;160; R$  48,02 
RECIFE/LAJEDO;182; R$  43,69 
RECIFE/LAJEDO;182; R$  54,62 
RECIFE/GARANHUNS;218; R$  52,34 
RECIFE/GARANHUNS;218; R$  65,42 
RECIFE/ÁGUAS BELAS;301; R$  72,26 
RECIFE/ÁGUAS BELAS;301; R$  90,33 
CARUARU/CACHOEIRINHA;40; R$  9,60 
CARUARU/CACHOEIRINHA;40; R$  12,00 
CARUARU/LAJEDO;61; R$  14,64 
CARUARU/LAJEDO;61; R$  18,31 
CARUARU/GARANHUNS;97; R$  23,29 
CARUARU/GARANHUNS;97; R$  29,11 
CACHOEIRINHA/LAJEDO;22; R$  5,28 
CACHOEIRINHA/LAJEDO;22; R$  6,60 
CACHOEIRINHA/GARANHUNS;55; R$  13,20 
CACHOEIRINHA/GARANHUNS;55; R$  16,51 
LAJEDO/GARANHUNS;36; R$  8,64 
LAJEDO/GARANHUNS;36; R$  10,80 
RECIFE/ARCOVERDE;247; R$  74,12 
RECIFE/CARUARU;123; R$  36,91 
RECIFE/BELO JARDIM;170; R$  51,02 
RECIFE/PESQUEIRA;202; R$  60,62 
RECIFE/ARCOVERDE;247; R$  74,12 
CARUARU/BELO JARDIM;50; R$  15,00 
CARUARU/PESQUEIRA;81; R$  24,31 
CARUARU/ARCOVERDE;128; R$  38,41 
BELO JARDIM/PESQUEIRA;32; R$  9,60 
BELO JARDIM/ARCOVERDE;77; R$  23,11 
PESQUEIRA/ARCOVERDE;47; R$  14,10 
RECIFE/BARREIROS;109; R$  27,74 
RECIFE/SERINHAEM;76,7; R$  19,52 
RECIFE/RIO FORMOSO;89,6; R$  22,80 
RECIFE/BARREIROS;112; R$  28,50 
CABO/SERINHAEM;43,2; R$  10,99 
CABO/RIO FORMOSO;56; R$  14,25 
CABO/BARREIROS;78,6; R$  20,00 
IPOJUCA/SERINHAEM;27,3; R$  6,95 
IPOJUCA/RIO FORMOSO;40,1; R$  10,20 
IPOJUCA/BARREIROS;62,7; R$  15,96 
SERINHAEM/RIO FORMOSO;12,8; R$  3,26 
SERINHAEM/BARREIROS;35,4; R$  9,01 
RIO FORMOSO/BARREIROS;22,6; R$  5,75 
RECIFE/SAO JOSE DA COROA GRANDE;123; R$  31,30 
RECIFE/SERINHAEM;76,7; R$  19,52 
RECIFE/RIO FORMOSO;89,6; R$  22,80 
RECIFE/BARREIROS;112; R$  28,50 
RECIFE/SAO JOSE DA COROA GRANDE;123; R$  31,30 
CABO/SERINHAEM;43,2; R$  10,99 
CABO/RIO FORMOSO;56; R$  14,25 
CABO/BARREIROS;78,6; R$  20,00 
CABO/SAO JOSE DA COROA GRANDE;113; R$  28,76 
IPOJUCA/SERINHAEM;27,3; R$  6,95 
IPOJUCA/RIO FORMOSO;40,1; R$  10,20 
IPOJUCA/BARREIROS;62,7; R$  15,96 
IPOJUCA/SAO JOSE DA COROA GRANDE;67,5; R$  17,18 
SERINHAEM/RIO FORMOSO;12,8; R$  3,26 
SERINHAEM/BARREIROS;35,4; R$  9,01 
SERINHAEM/SAO JOSE DA COROA GRANDE;43; R$  10,94 
RIO FORMOSO/BARREIROS;22,6; R$  5,75 
RIO FORMOSO/SAO JOSE DA COROA GRANDE;30,8; R$  7,84 
BARREIROS/SAO JOSE DA COROA GRANDE;10,8; R$  2,75 
RECIFE/TAMANDARE;111; R$  22,38 
RECIFE/SERINHAEM;76,7; R$  15,47 
RECIFE/RIO FORMOSO;89,6; R$  18,07 
RECIFE/TAMANDARE;105; R$  21,17 
CABO/SERINHAEM;43,2; R$  8,71 
CABO/RIO FORMOSO;56; R$  11,29 
CABO/TAMANDARE;71,8; R$  14,48 
IPOJUCA/SERINHAEM;27,3; R$  5,51 
IPOJUCA/RIO FORMOSO;40; R$  8,07 
IPOJUCA/TAMANDARE;56; R$  11,29 
SERINHAEM/RIO FORMOSO;12,8; R$  2,58 
SERINHAEM/TAMANDARE;32,6; R$  6,57 
RIO FORMOSO/TAMANDARE;20; R$  4,03 
RECIFE/BARRA DE SIRINHAEM;84; R$  16,94 
RECIFE/SERINHAEM;76,7; R$  15,47 
RECIFE/BARRA DE SIRINHAEM;84; R$  16,94 
CABO/SERINHAEM;43,2; R$  8,71 
CABO/BARRA DE SERINHAEM;51,6; R$  10,41 
IPOJUCA/SERINHAEM;27,3; R$  5,51 
IPOJUCA/BARRA DE SERINHAEM;34,4; R$  6,94 
RECIFE/GARANHUNS (BR-101 SUL);248; R$  63,11 
RECIFE/RIBEIRAO;91; R$  23,16 
RECIFE/PALMARES;128; R$  32,57 
RECIFE/CATENDE;145; R$  36,90 
RECIFE/JAQUEIRA;153; R$  38,94 
RECIFE/MARAIAL;159; R$  40,46 
RECIFE/SAO BENEDITO DO SUL;178; R$  45,30 
RECIFE/QUIPAPÁ;183; R$  46,57 
RECIFE/CANHOTINHO;210; R$  53,44 
RECIFE/SAO JOAO;230; R$  58,53 
RECIFE/GARANHUNS;248; R$  63,11 
CABO/RIBEIRAO;54; R$  13,74 
CABO/PALMARES;117; R$  29,77 
CABO/CATENDE;107; R$  27,23 
CABO/JAQUEIRA;115; R$  29,27 
CABO/MARAIAL;121; R$  30,79 
CABO/SAO BENEDITO DO SUL;140; R$  35,63 
CABO/QUIPAPÁ;145; R$  36,90 
CABO/CANHOTINHO;172; R$  43,77 
CABO/SAO JOAO;192; R$  48,86 
CABO/GARANHUNS;205; R$  52,17 
RIBEIRAO/PALMARES;37; R$  9,42 
RIBEIRAO/CATENDE;57; R$  14,51 
RIBEIRAO/JAQUEIRA;65; R$  16,54 
RIBEIRAO/MARAIAL;71; R$  18,07 
RIBEIRAO/SAO BENEDITO DO SUL;90; R$  22,90 
RIBEIRAO/QUIPAPÁ;95; R$  24,18 
RIBEIRAO/CANHOTINHO;122; R$  31,05 
RIBEIRAO/SAO JOAO;142; R$  36,14 
RIBEIRAO/GARANHUNS;155; R$  39,44 
PALMARES/CATENDE;21; R$  5,34 
PALMARES/JAQUEIRA;28; R$  7,13 
PALMARES/MARAIAL;36; R$  9,16 
PALMARES/SAO BENEDITO DO SUL;55; R$  14,00 
PALMARES/QUIPAPÁ;60; R$  15,27 
PALMARES/CANHOTINHO;87; R$  22,14 
PALMARES/SAO JOAO;105; R$  26,72 
PALMARES/GARANHUNS;122; R$  31,05 
CATENDE/JAQUEIRA;15; R$  3,82 
CATENDE/MARAIAL;21; R$  5,34 
CATENDE/SAO BENEDITO DO SUL;40; R$  10,18 
CATENDE/QUIPAPÁ;45; R$  11,45 
CATENDE/CANHOTINHO;71; R$  18,07 
CATENDE/SAO JOAO ;92; R$  23,41 
CATENDE/GARANHUNS;109; R$  27,74 
JAQUEIRA/MARAIAL;8; R$  2,04 
JAQUEIRA/SAO BENEDITO DO SUL;28; R$  7,13 
JAQUEIRA/QUIPAPÁ;32; R$  8,14 
JAQUEIRA/CANHOTINHO;59; R$  15,01 
JAQUEIRA/SAO JOAO;78; R$  19,85 
JAQUEIRA/GARANHUNS;94; R$  23,92 
MARAIAL/SAO BENEDITO DO SUL;29; R$  7,38 
MARAIAL/QUIPAPÁ;34; R$  8,65 
MARAIAL/CANHOTINHO;60; R$  15,27 
MARAIAL/SAO JOAO;80; R$  20,36 
MARAIAL/GARANHUNS;95; R$  24,18 
SAO BENEDITO DO SUL/QUIPAPÁ;11; R$  2,80 
SAO BENEDITO DO SUL/CANHOTINHO;38; R$  9,67 
SAO BENEDITO DO SUL/SAO JOAO;58; R$  14,76 
SAO BENEDITO DO SUL/GARANHUNS;72; R$  18,32 
QUIPAPÁ/CANHOTINHO;27; R$  6,87 
QUIPAPÁ/SAO JOAO;47; R$  11,96 
QUIPAPÁ/GARANHUNS;61; R$  15,52 
CANHOTINHO/SAO JOAO;22; R$  5,60 
CANHOTINHO/GARANHUNS;36; R$  9,16 
SAO JOAO/GARANHUNS;14; R$  3,56 
RECIFE/NOVA PETROLANDIA (EXTENSAO JATOBÁ);460; R$  138,04 
RECIFE/NOVA PETROLANDIA (EXTENSAO JATOBÁ);460; R$  231,91 
RECIFE/CARUARU;123; R$  36,91 
RECIFE/CARUARU;123; R$  62,01 
RECIFE/ARCOVERDE;247; R$  74,12 
RECIFE/ARCOVERDE;247; R$  124,53 
RECIFE/IBIMIRIM;324; R$  97,23 
RECIFE/IBIMIRIM;324; R$  163,35 
RECIFE/INAJÁ;377; R$  113,14 
RECIFE/INAJÁ;377; R$  190,07 
RECIFE/TACARATU;428; R$  128,44 
RECIFE/TACARATU;428; R$  215,78 
RECIFE/NOVA PETROLANDIA;451; R$  135,34 
RECIFE/NOVA PETROLANDIA;451; R$  227,38 
RECIFE/JATOBÁ;480; R$  144,05 
RECIFE/JATOBÁ;480; R$  242,00 
CARUARU/ARCOVERDE;128; R$  38,41 
CARUARU/ARCOVERDE;128; R$  64,53 
CARUARU/IBIMIRIM;203; R$  60,92 
CARUARU/IBIMIRIM;203; R$  102,34 
CARUARU/INAJÁ;256; R$  76,82 
CARUARU/INAJÁ;256; R$  129,07 
CARUARU/TACARATU;307; R$  92,13 
CARUARU/TACARATU;307; R$  154,78 
CARUARU/NOVA PETROLÂNDIA;330; R$  99,03 
CARUARU/NOVA PETROLÂNDIA;330; R$  166,37 
CARUARU/JATOBÁ;359; R$  107,73 
CARUARU/JATOBÁ;359; R$  180,99 
ARCOVERDE/IBIMIRIM;203; R$  60,92 
ARCOVERDE/IBIMIRIM;203; R$  102,34 
ARCOVERDE/INAJÁ;275; R$  82,53 
ARCOVERDE/INAJÁ;275; R$  138,64 
ARCOVERDE/TACARATU;180; R$  54,02 
ARCOVERDE/TACARATU;180; R$  90,75 
ARCOVERDE/NOVA PETROLÂNDIA;204; R$  61,22 
ARCOVERDE/NOVA PETROLÂNDIA;204; R$  102,85 
ARCOVERDE/JATOBÁ;232; R$  69,62 
ARCOVERDE/JATOBÁ;232; R$  116,97 
IBIMIRIM/INAJÁ;53; R$  15,91 
IBIMIRIM/INAJÁ;53; R$  26,72 
IBIMIRIM/TACARATU;99; R$  29,71 
IBIMIRIM/TACARATU;99; R$  49,91 
IBIMIRIM/NOVA PETROLÂNDIA;77; R$  23,11 
IBIMIRIM/NOVA PETROLÂNDIA;77; R$  38,82 
INAJÁ/TACARATU;50; R$  15,00 
INAJÁ/TACARATU;50; R$  25,21 
INAJÁ/NOVA PETROLÂNDIA;66; R$  19,81 
INAJÁ/NOVA PETROLÂNDIA;66; R$  33,27 
INAJÁ/JATOBÁ;86; R$  25,81 
INAJÁ/JATOBÁ;86; R$  43,36 
TACARATU/NOVA PETROLÂNDIA;19; R$  5,70 
TACARATU/NOVA PETROLÂNDIA;19; R$  9,58 
TACARATU/JATOBÁ;47; R$  14,10 
TACARATU/JATOBÁ;47; R$  23,70 
NOVA PETROLÂNDIA/JATOBÁ;31; R$  9,30 
NOVA PETROLÂNDIA/JATOBÁ;31; R$  15,63 
RECIFE/SAO JOSE DO EGITO;424; R$  107,90 
RECIFE/CARUARU;123; R$  31,30 
RECIFE/ARCOVERDE;247; R$  62,86 
RECIFE/SERTÂNIA;302; R$  76,85 
RECIFE/IGUARACY;348; R$  88,56 
RECIFE/AFOGADOS DA INGAZEIRA;366; R$  93,14 
RECIFE/TABIRA;389; R$  98,99 
RECIFE/SAO JOSE DO EGITO;424; R$  107,90 
CARUARU/ARCOVERDE;128; R$  32,57 
CARUARU/SERTÂNIA;183; R$  46,57 
CARUARU/IGUARACY;229; R$  58,28 
CARUARU/AFOGADOS DA INGAZEIRA;247; R$  62,86 
CARUARU/SAO JOSE DO EGITO;269; R$  68,46 
SERTÂNIA/IGUARACY;48; R$  12,22 
SERTÂNIA/AFOGADOS DA INGAZEIRA;66; R$  16,80 
SERTÂNIA/SAO JOSE DO EGITO;123; R$  31,30 
IGUARACY/AFOGADOS DA INGAZEIRA;18; R$  4,58 
IGUARACY/SAO JOSE DO EGITO;76; R$  19,34 
AFOGADOS DA INGAZEIRA/SAO JOSE DO EGITO;58; R$  14,76 
SERRA TALHADA/ITAPETIM;154; R$  39,19 
SERRA TALHADA/FLORES;40; R$  10,18 
SERRA TALHADA/CARNAÍBA;63; R$  16,03 
SERRA TALHADA/AFOGADOS DA INGAZEIRA;84; R$  21,38 
SERRA TALHADA/TABIRA;102; R$  25,96 
SERRA TALHADA/SAO JOSE DO EGITO;136; R$  34,61 
FLORES/CARNAÍBA;24; R$  6,11 
FLORES/AFOGADOS DA INGAZEIRA;46; R$  11,71 
FLORES/TABIRA;63; R$  16,03 
FLORES/SAO JOSE DO EGITO;96; R$  24,43 
FLORES/ITAPETIM;115; R$  29,27 
CARNAÍBA/AFOGADOS DA INGAZEIRA;24; R$  6,11 
CARNAÍBA/TABIRA;40; R$  10,18 
CARNAÍBA/SAO JOSE DO EGITO;74; R$  18,83 
CARNAÍBA/ITAPETIM;93; R$  23,67 
AFOGADOS DA INGAZEIRA/TABIRA;23; R$  5,85 
AFOGADOS DA INGAZEIRA/SAO JOSE DO EGITO;35; R$  8,91 
AFOGADOS DA INGAZEIRA/ITAPETIM;76; R$  19,34 
TABIRA/SAO JOSE DO EGITO;35; R$  8,91 
TABIRA/ITAPETIM;53; R$  13,49 
SAO JOSE DO EGITO/ITAPETIM;20; R$  5,09 
RECIFE/BUÍQUE (VIA VENTUROSA);289; R$  73,55 
RECIFE/BUÍQUE (VIA VENTUROSA);289; R$  86,73 
RECIFE/CARUARU;123; R$  31,30 
RECIFE/CARUARU;123; R$  36,91 
RECIFE/BELO JARDIM;170; R$  43,26 
RECIFE/BELO JARDIM;170; R$  51,02 
RECIFE/PESQUEIRA;202; R$  51,41 
RECIFE/PESQUEIRA;202; R$  60,62 
RECIFE/ALAGOINHA;216; R$  54,97 
RECIFE/ALAGOINHA;216; R$  64,82 
RECIFE/VENTUROSA;234; R$  59,55 
RECIFE/VENTUROSA;234; R$  70,22 
RECIFE/PEDRA;246; R$  62,60 
RECIFE/PEDRA;246; R$  73,82 
RECIFE/ARCOVERDE (VIA VENTUROSA);265; R$  67,44 
RECIFE/ARCOVERDE (VIA VENTUROSA);265; R$  79,53 
RECIFE/BUÍQUE;289; R$  73,55 
RECIFE/BUÍQUE;289; R$  86,73 
CARUARU/BELO JARDIM;50; R$  12,72 
CARUARU/BELO JARDIM;50; R$  15,00 
CARUARU/PESQUEIRA;81; R$  20,61 
CARUARU/PESQUEIRA;81; R$  24,31 
CARUARU/ALAGOINHA;96; R$  24,43 
CARUARU/ALAGOINHA;96; R$  28,81 
CARUARU/VENTUROSA;113; R$  28,76 
CARUARU/VENTUROSA;113; R$  33,91 
CARUARU/PEDRA;125; R$  31,81 
CARUARU/PEDRA;125; R$  37,51 
CARUARU/ARCOVERDE (VIA VENTUROSA);145; R$  36,90 
CARUARU/ARCOVERDE (VIA VENTUROSA);145; R$  43,51 
CARUARU/BUÍQUE;168; R$  42,75 
CARUARU/BUÍQUE;168; R$  50,42 
BELO JARDIM/PESQUEIRA;32; R$  8,14 
BELO JARDIM/PESQUEIRA;32; R$  9,60 
BELO JARDIM/ALAGOINHA;46; R$  11,71 
BELO JARDIM/ALAGOINHA;46; R$  13,80 
BELO JARDIM/VENTUROSA;64; R$  16,29 
BELO JARDIM/VENTUROSA;64; R$  19,21 
BELO JARDIM/PEDRA;140; R$  35,63 
BELO JARDIM/PEDRA;140; R$  42,01 
BELO JARDIM/ARCOVERDE;77; R$  19,60 
BELO JARDIM/ARCOVERDE;77; R$  23,11 
BELO JARDIM/BUÍQUE;119; R$  30,28 
BELO JARDIM/BUÍQUE;119; R$  35,71 
PESQUEIRA/ALAGOINHA;16; R$  4,07 
PESQUEIRA/ALAGOINHA;16; R$  4,80 
PESQUEIRA/VENTUROSA;51; R$  12,98 
PESQUEIRA/VENTUROSA;51; R$  15,30 
PESQUEIRA/PEDRA;46; R$  11,71 
PESQUEIRA/PEDRA;46; R$  13,80 
PESQUEIRA/ARCOVERDE;47; R$  11,96 
PESQUEIRA/ARCOVERDE;47; R$  14,10 
PESQUEIRA/BUÍQUE;89; R$  22,65 
PESQUEIRA/BUÍQUE;89; R$  26,71 
ALAGOINHA/VENTUROSA;18; R$  4,58 
ALAGOINHA/VENTUROSA;18; R$  5,40 
ALAGOINHA/PEDRA;30; R$  7,63 
ALAGOINHA/PEDRA;30; R$  9,00 
ALAGOINHA/ARCOVERDE;56; R$  14,25 
ALAGOINHA/ARCOVERDE;56; R$  16,81 
ALAGOINHA/BUÍQUE;73; R$  18,58 
ALAGOINHA/BUÍQUE;73; R$  21,91 
VENTUROSA/PEDRA;12; R$  3,05 
VENTUROSA/PEDRA;12; R$  3,60 
VENTUROSA/ARCOVERDE;33; R$  8,40 
VENTUROSA/ARCOVERDE;33; R$  9,90 
VENTUROSA/BUÍQUE;55; R$  14,00 
VENTUROSA/BUÍQUE;55; R$  16,51 
PEDRA/ARCOVERDE;21; R$  5,34 
PEDRA/ARCOVERDE;21; R$  6,30 
PEDRA/BUÍQUE;50; R$  12,72 
PEDRA/BUÍQUE;50; R$  15,00 
ARCOVERDE/BUÍQUE;29; R$  7,38 
ARCOVERDE/BUÍQUE;29; R$  8,70 
RECIFE/GARANHUNS (BOM CONSELHO);288,6; R$  73,44 
RECIFE/GARANHUNS (BOM CONSELHO);288,6; R$  86,61 
RECIFE/CARUARU;123; R$  31,30 
RECIFE/CARUARU;123; R$  36,91 
RECIFE/CACHOEIRINHA;160; R$  40,72 
RECIFE/CACHOEIRINHA;160; R$  48,02 
RECIFE/LAJEDO;182; R$  46,32 
RECIFE/LAJEDO;182; R$  54,62 
RECIFE/GARANHUNS;218; R$  55,48 
RECIFE/GARANHUNS;218; R$  65,42 
RECIFE/BOM CONSELHO;301; R$  76,60 
RECIFE/BOM CONSELHO;301; R$  90,33 
CARUARU/CACHOEIRINHA;40; R$  10,18 
CARUARU/CACHOEIRINHA;40; R$  12,00 
CARUARU/LAJEDO;61; R$  15,52 
CARUARU/LAJEDO;61; R$  18,31 
CARUARU/GARANHUNS;97; R$  24,68 
CARUARU/GARANHUNS;97; R$  29,11 
CARUARU/ÁGUAS BELAS;181; R$  46,06 
CARUARU/ÁGUAS BELAS;181; R$  54,32 
CACHOEIRINHA/LAJEDO;22; R$  5,60 
CACHOEIRINHA/LAJEDO;22; R$  6,60 
CACHOEIRINHA/GARANHUNS;55; R$  14,00 
CACHOEIRINHA/GARANHUNS;55; R$  16,51 
CACHOEIRINHA/ÁGUAS BELAS;140; R$  35,63 
CACHOEIRINHA/ÁGUAS BELAS;140; R$  42,01 
LAJEDO/GARANHUNS;36; R$  9,16 
LAJEDO/GARANHUNS;36; R$  10,80 
LAJEDO/ÁGUAS BELAS;119; R$  30,28 
LAJEDO/ÁGUAS BELAS;119; R$  35,71 
GARANHUNS/ÁGUAS BELAS;84; R$  21,38 
GARANHUNS/ÁGUAS BELAS;84; R$  25,21 
RECIFE/SAO JOSE DO BELMONTE;461; R$  117,32 
RECIFE/SAO JOSE DO BELMONTE;461; R$  232,42 
RECIFE/CARUARU;123; R$  31,30 
RECIFE/CARUARU;123; R$  62,01 
RECIFE/PESQUEIRA;202; R$  51,41 
RECIFE/PESQUEIRA;202; R$  101,84 
RECIFE/ARCOVERDE;247; R$  62,86 
RECIFE/ARCOVERDE;247; R$  124,53 
RECIFE/CRUZEIRO DO NORDESTE;269; R$  68,46 
RECIFE/CRUZEIRO DO NORDESTE;269; R$  135,62 
RECIFE/ALGODÕES;280; R$  71,25 
RECIFE/ALGODÕES;280; R$  141,17 
RECIFE/CUSTODIA;325; R$  82,71 
RECIFE/CUSTODIA;325; R$  163,85 
RECIFE/SERRA TALHADA;403; R$  102,56 
RECIFE/SERRA TALHADA;403; R$  203,18 
RECIFE/BOM NOME (SAO JOSE DO BELMONTE);439; R$  111,72 
RECIFE/BOM NOME (SAO JOSE DO BELMONTE);439; R$  221,33 
RECIFE/SAO JOSE DO BELMONTE;463; R$  117,83 
RECIFE/SAO JOSE DO BELMONTE;463; R$  233,43 
CARUARU/PESQUEIRA;81; R$  20,61 
CARUARU/PESQUEIRA;81; R$  40,84 
CARUARU/ARCOVERDE;128; R$  32,57 
CARUARU/ARCOVERDE;128; R$  64,53 
CARUARU/CRUZEIRO DO NORDESTE;149; R$  37,92 
CARUARU/CRUZEIRO DO NORDESTE;149; R$  75,12 
CARUARU/ALGODÕES;159; R$  40,46 
CARUARU/ALGODÕES;159; R$  80,16 
CARUARU/CUSTODIA;204; R$  51,91 
CARUARU/CUSTODIA;204; R$  102,85 
CARUARU/SERRA TALHADA;280; R$  71,25 
CARUARU/SERRA TALHADA;280; R$  141,17 
CARUARU/BOM NOME (SAO JOSE DO BELMONTE);320; R$  81,43 
CARUARU/BOM NOME (SAO JOSE DO BELMONTE);320; R$  161,33 
CARUARU/SAO JOSE DO BELMONTE;342; R$  87,03 
CARUARU/SAO JOSE DO BELMONTE;342; R$  172,42 
PESQUEIRA/ARCOVERDE;47; R$  11,96 
PESQUEIRA/ARCOVERDE;47; R$  23,70 
PESQUEIRA/CRUZEIRO DO NORDESTE;69; R$  17,56 
PESQUEIRA/CRUZEIRO DO NORDESTE;69; R$  34,79 
PESQUEIRA/ALGODÕES;81; R$  20,61 
PESQUEIRA/ALGODÕES;81; R$  40,84 
PESQUEIRA/CUSTODIA;124; R$  31,56 
PESQUEIRA/CUSTODIA;124; R$  62,52 
PESQUEIRA/SERRA TALHADA;201; R$  51,15 
PESQUEIRA/SERRA TALHADA;201; R$  101,34 
PESQUEIRA/BOM NOME (SAO JOSE DO BELMONTE);240; R$  61,08 
PESQUEIRA/BOM NOME (SAO JOSE DO BELMONTE);240; R$  121,00 
PESQUEIRA/SAO JOSE DO BELMONTE;366; R$  93,14 
PESQUEIRA/SAO JOSE DO BELMONTE;366; R$  184,52 
ARCOVERDE/CRUZEIRO DO NORDESTE;24; R$  6,11 
ARCOVERDE/CRUZEIRO DO NORDESTE;24; R$  12,10 
ARCOVERDE/ALGODÕES;45; R$  11,45 
ARCOVERDE/ALGODÕES;45; R$  22,69 
ARCOVERDE/SERRA TALHADA;178; R$  45,30 
ARCOVERDE/SERRA TALHADA;178; R$  89,74 
ARCOVERDE/BOM NOME (SAO JOSE DO BELMONTE);216; R$  54,97 
ARCOVERDE/BOM NOME (SAO JOSE DO BELMONTE);216; R$  108,90 
ARCOVERDE/SAO JOSE DO BELMONTE;240; R$  61,08 
ARCOVERDE/SAO JOSE DO BELMONTE;240; R$  121,00 
CRUZEIRO DO NORDESTE/ALGODÕES;11; R$  3,00 
CRUZEIRO DO NORDESTE/ALGODÕES;11; R$  5,55 
CRUZEIRO DO NORDESTE/SERRA TALHADA;133; R$  33,85 
CRUZEIRO DO NORDESTE/SERRA TALHADA;133; R$  67,05 
CRUZEIRO DO NORDESTE/BOM NOME (SAO JOSE DO BELMONTE);170; R$  43,26 
CRUZEIRO DO NORDESTE/BOM NOME (SAO JOSE DO BELMONTE);170; R$  85,71 
CRUZEIRO DO NORDESTE/SAO JOSE DO BELMONTE;193; R$  49,12 
CRUZEIRO DO NORDESTE/SAO JOSE DO BELMONTE;193; R$  97,30 
ALGODÕES/SERRA TALHADA;122; R$  31,05 
ALGODÕES/SERRA TALHADA;122; R$  61,51 
ALGODÕES/BOM NOME (SAO JOSE DO BELMONTE);162; R$  41,23 
ALGODÕES/BOM NOME (SAO JOSE DO BELMONTE);162; R$  81,67 
ALGODÕES/SAO JOSE DO BELMONTE;183; R$  46,57 
ALGODÕES/SAO JOSE DO BELMONTE;183; R$  92,26 
SERRA TALHADA/BOM NOME (SAO JOSE DO BELMONTE);39; R$  9,92 
SERRA TALHADA/BOM NOME (SAO JOSE DO BELMONTE);39; R$  19,66 
SERRA TALHADA/SAO JOSE DO BELMONTE;61; R$  15,52 
SERRA TALHADA/SAO JOSE DO BELMONTE;61; R$  30,75 
BOM NOME /SAO JOSE DO BELMONTE;22; R$  5,60 
BOM NOME /SAO JOSE DO BELMONTE;22; R$  11,09 
RECIFE/ITAPETIM ;420; R$  126,04 
RECIFE/CARUARU;123; R$  36,91 
RECIFE/PESQUEIRA;202; R$  60,62 
RECIFE/ARCOVERDE;247; R$  74,12 
RECIFE/CRUZEIRO DO NORDESTE;269; R$  80,73 
RECIFE/SERTÂNIA;302; R$  90,63 
RECIFE/JABITACÁ;344; R$  103,23 
RECIFE/TUPARETAMA;371; R$  111,34 
RECIFE/SAO JOSE DO EGITO;390; R$  117,04 
RECIFE/BREJINHO;404; R$  121,24 
RECIFE/ITAPETIM ;420; R$  126,04 
CARUARU/PESQUEIRA;81; R$  24,31 
CARUARU/ARCOVERDE;128; R$  38,41 
CARUARU/CRUZEIRO DO NORDESTE;149; R$  44,71 
CARUARU/SERTÂNIA;183; R$  54,92 
CARUARU/JABITACÁ;225; R$  67,52 
CARUARU/TUPARETAMA;252; R$  75,62 
CARUARU/SAO JOSE DO EGITO;271; R$  81,33 
CARUARU/BREJINHO;286; R$  85,83 
CARUARU/ITAPETIM;301; R$  90,33 
PESQUEIRA/ARCOVERDE;47; R$  14,10 
PESQUEIRA/CRUZEIRO DO NORDESTE;69; R$  20,71 
PESQUEIRA/SERTÂNIA;103; R$  30,91 
PESQUEIRA/JABITACÁ;144; R$  43,21 
PESQUEIRA/TUPARETAMA;171; R$  51,32 
PESQUEIRA/SAO JOSE DO EGITO;190; R$  57,02 
PESQUEIRA/BREJINHO;205; R$  61,52 
PESQUEIRA/ITAPETIM;220; R$  66,02 
ARCOVERDE/CRUZEIRO DO NORDESTE;24; R$  7,20 
ARCOVERDE/SERTÂNIA;58; R$  17,41 
ARCOVERDE/JABITACÁ;100; R$  30,01 
ARCOVERDE/TUPARETAMA;127; R$  38,11 
ARCOVERDE/SAO JOSE DO EGITO;146; R$  43,81 
ARCOVERDE/BREJINHO;160; R$  48,02 
ARCOVERDE/ITAPETIM;176; R$  52,82 
CRUZEIRO DO NORDESTE/SERTÂNIA;34; R$  10,20 
CRUZEIRO DO NORDESTE/JABITACÁ;76; R$  22,81 
CRUZEIRO DO NORDESTE/TUPARETAMA;102; R$  30,61 
CRUZEIRO DO NORDESTE/SAO JOSE DO EGITO;121; R$  36,31 
CRUZEIRO DO NORDESTE/BREJINHO;136; R$  40,81 
CRUZEIRO DO NORDESTE/ITAPETIM;151; R$  45,31 
SERTÂNIA/JABITACÁ;42; R$  12,60 
SERTÂNIA/TUPARETAMA;67; R$  20,11 
SERTÂNIA/SAO JOSE DO EGITO;88; R$  26,41 
SERTÂNIA/BREJINHO;102; R$  30,61 
SERTÂNIA/ITAPETIM;118; R$  35,41 
JABITACÁ/TUPARETAMA;26; R$  7,80 
JABITACÁ/SAO JOSE DO EGITO;46; R$  13,80 
JABITACÁ/BREJINHO;60; R$  18,01 
JABITACÁ/ITAPETIM;76; R$  22,81 
TUPARETAMA/SAO JOSE DO EGITO;19; R$  5,70 
TUPARETAMA/BREJINHO;34; R$  10,20 
TUPARETAMA/ITAPETIM;49; R$  14,70 
SAO JOSE DO EGITO/BREJINHO;15; R$  4,50 
SAO JOSE DO EGITO/ITAPETIM;30; R$  9,00 
BREJINHO/ITAPETIM;16; R$  4,80 
RECIFE/EXU (EXTENSAO BODOCO);652; R$  195,66 
RECIFE/EXU (EXTENSAO BODOCO);652; R$  328,71 
RECIFE/CARUARU;123; R$  36,91 
RECIFE/CARUARU;123; R$  62,01 
RECIFE/PESQUEIRA;202; R$  60,62 
RECIFE/PESQUEIRA;202; R$  101,84 
RECIFE/ARCOVERDE;247; R$  74,12 
RECIFE/ARCOVERDE;247; R$  124,53 
RECIFE/CRUZEIRO DO NORDESTE;269; R$  80,73 
RECIFE/CRUZEIRO DO NORDESTE;269; R$  135,62 
RECIFE/CUSTODIA;325; R$  97,53 
RECIFE/CUSTODIA;325; R$  163,85 
RECIFE/SERRA TALHADA;403; R$  120,94 
RECIFE/SERRA TALHADA;403; R$  203,18 
RECIFE/BOM NOME (SAO JOSE DO BELMONTE);439; R$  131,74 
RECIFE/BOM NOME (SAO JOSE DO BELMONTE);439; R$  221,33 
RECIFE/SALGUEIRO;502; R$  150,65 
RECIFE/SALGUEIRO;502; R$  253,09 
RECIFE/SERRITA;530; R$  159,05 
RECIFE/SERRITA;530; R$  267,21 
RECIFE/MOREILÂNDIA;580; R$  174,06 
RECIFE/MOREILÂNDIA;580; R$  292,41 
RECIFE/EXU;612; R$  183,66 
RECIFE/EXU;612; R$  308,55 
RECIFE/BODOCO;652; R$  195,66 
RECIFE/BODOCO;652; R$  328,71 
CARUARU/PESQUEIRA;81; R$  24,31 
CARUARU/PESQUEIRA;81; R$  40,84 
CARUARU/ARCOVERDE;126; R$  37,81 
CARUARU/ARCOVERDE;126; R$  63,52 
CARUARU/CRUZEIRO DO NORDESTE;149; R$  44,71 
CARUARU/CRUZEIRO DO NORDESTE;149; R$  75,12 
CARUARU/CUSTODIA;204; R$  61,22 
CARUARU/CUSTODIA;204; R$  102,85 
CARUARU/SERRA TALHADA;280; R$  84,03 
CARUARU/SERRA TALHADA;280; R$  141,17 
CARUARU/BOM NOME (SAO JOSE DO BELMONTE);320; R$  96,03 
CARUARU/BOM NOME (SAO JOSE DO BELMONTE);320; R$  161,33 
CARUARU/SALGUEIRO;381; R$  114,34 
CARUARU/SALGUEIRO;381; R$  192,09 
CARUARU/SERRITA;409; R$  122,74 
CARUARU/SERRITA;409; R$  206,20 
CARUARU/MOREILÂNDIA;459; R$  137,74 
CARUARU/MOREILÂNDIA;459; R$  231,41 
CARUARU/EXU;491; R$  147,35 
CARUARU/EXU;491; R$  247,54 
CARUARU/BODOCO;532; R$  159,65 
CARUARU/BODOCO;532; R$  268,21 
PESQUEIRA/ARCOVERDE;47; R$  14,10 
PESQUEIRA/ARCOVERDE;47; R$  23,70 
PESQUEIRA/CRUZEIRO DO NORDESTE;69; R$  20,71 
PESQUEIRA/CRUZEIRO DO NORDESTE;69; R$  34,79 
PESQUEIRA/CUSTODIA;124; R$  37,21 
PESQUEIRA/CUSTODIA;124; R$  62,52 
PESQUEIRA/SERRA TALHADA;201; R$  60,32 
PESQUEIRA/SERRA TALHADA;201; R$  101,34 
PESQUEIRA/BOM NOME (SAO JOSE DO BELMONTE);240; R$  72,02 
PESQUEIRA/BOM NOME (SAO JOSE DO BELMONTE);240; R$  121,00 
PESQUEIRA/SALGUEIRO;302; R$  90,63 
PESQUEIRA/SALGUEIRO;302; R$  152,26 
PESQUEIRA/SERRITA;330; R$  99,03 
PESQUEIRA/SERRITA;330; R$  166,37 
PESQUEIRA/MOREILÂNDIA;380; R$  114,04 
PESQUEIRA/MOREILÂNDIA;380; R$  191,58 
PESQUEIRA/EXU;412; R$  123,64 
PESQUEIRA/EXU;412; R$  207,71 
PESQUEIRA/BODOCO;452; R$  135,64 
PESQUEIRA/BODOCO;452; R$  227,88 
ARCOVERDE/CRUZEIRO DO NORDESTE;24; R$  7,20 
ARCOVERDE/CRUZEIRO DO NORDESTE;24; R$  12,10 
ARCOVERDE/CUSTODIA;80; R$  24,01 
ARCOVERDE/CUSTODIA;80; R$  40,33 
ARCOVERDE/SERRA TALHADA;178; R$  53,42 
ARCOVERDE/SERRA TALHADA;178; R$  89,74 
ARCOVERDE/BOM NOME (SAO JOSE DO BELMONTE);216; R$  64,82 
ARCOVERDE/BOM NOME (SAO JOSE DO BELMONTE);216; R$  108,90 
ARCOVERDE/SALGUEIRO;255; R$  76,52 
ARCOVERDE/SALGUEIRO;255; R$  128,56 
ARCOVERDE/SERRITA;283; R$  84,93 
ARCOVERDE/SERRITA;283; R$  142,68 
ARCOVERDE/MOREILÂNDIA;333; R$  99,93 
ARCOVERDE/MOREILÂNDIA;333; R$  167,89 
ARCOVERDE/EXU;365; R$  109,54 
ARCOVERDE/EXU;365; R$  184,02 
ARCOVERDE/BODOCO;405; R$  121,54 
ARCOVERDE/BODOCO;405; R$  204,19 
CRUZEIRO DO NORDESTE/CUSTODIA;55; R$  16,51 
CRUZEIRO DO NORDESTE/CUSTODIA;55; R$  27,73 
CRUZEIRO DO NORDESTE/SERRA TALHADA;133; R$  39,91 
CRUZEIRO DO NORDESTE/SERRA TALHADA;133; R$  67,05 
CRUZEIRO DO NORDESTE/BOM NOME (SAO JOSE DO BELMONTE);170; R$  51,02 
CRUZEIRO DO NORDESTE/BOM NOME (SAO JOSE DO BELMONTE);170; R$  85,71 
CRUZEIRO DO NORDESTE/SALGUEIRO;234; R$  70,22 
CRUZEIRO DO NORDESTE/SALGUEIRO;234; R$  117,97 
CRUZEIRO DO NORDESTE/SERRITA;261; R$  78,33 
CRUZEIRO DO NORDESTE/SERRITA;261; R$  131,59 
CRUZEIRO DO NORDESTE/MOREILÂNDIA;312; R$  93,63 
CRUZEIRO DO NORDESTE/MOREILÂNDIA;312; R$  157,30 
CRUZEIRO DO NORDESTE/EXU;344; R$  103,23 
CRUZEIRO DO NORDESTE/EXU;344; R$  173,43 
CRUZEIRO DO NORDESTE/BODOCO;384; R$  115,24 
CRUZEIRO DO NORDESTE/BODOCO;384; R$  193,60 
CUSTODIA/SERRA TALHADA;78; R$  23,41 
CUSTODIA/SERRA TALHADA;78; R$  39,32 
CUSTODIA/BOM NOME (SAO JOSE DO BELMONTE);117; R$  35,11 
CUSTODIA/BOM NOME (SAO JOSE DO BELMONTE);117; R$  58,99 
CUSTODIA/SALGUEIRO;178; R$  53,42 
CUSTODIA/SALGUEIRO;178; R$  89,74 
CUSTODIA/SERRITA;203; R$  60,92 
CUSTODIA/SERRITA;203; R$  102,34 
CUSTODIA/MOREILÂNDIA;254; R$  76,22 
CUSTODIA/MOREILÂNDIA;254; R$  128,06 
CUSTODIA/EXU;285; R$  85,53 
CUSTODIA/EXU;285; R$  143,69 
CUSTODIA/BODOCO;326; R$  97,83 
CUSTODIA/BODOCO;326; R$  164,36 
SERRA TALHADA/BOM NOME (SAO JOSE DO BELMONTE);39; R$  11,70 
SERRA TALHADA/BOM NOME (SAO JOSE DO BELMONTE);39; R$  19,66 
SERRA TALHADA/SALGUEIRO;102; R$  30,61 
SERRA TALHADA/SALGUEIRO;102; R$  51,42 
SERRA TALHADA/SERRITA;130; R$  39,01 
SERRA TALHADA/SERRITA;130; R$  65,54 
SERRA TALHADA/MOREILÂNDIA;181; R$  54,32 
SERRA TALHADA/MOREILÂNDIA;181; R$  91,25 
SERRA TALHADA/EXU;213; R$  63,92 
SERRA TALHADA/EXU;213; R$  107,39 
SERRA TALHADA/BODOCO;253; R$  75,92 
SERRA TALHADA/BODOCO;253; R$  127,55 
BOM NOME (SAO JOSE DO BELMONTE)/SALGUEIRO;63; R$  18,91 
BOM NOME (SAO JOSE DO BELMONTE)/SALGUEIRO;63; R$  31,76 
BOM NOME (SAO JOSE DO BELMONTE)/SERRITA;91; R$  27,31 
BOM NOME (SAO JOSE DO BELMONTE)/SERRITA;91; R$  45,88 
BOM NOME (SAO JOSE DO BELMONTE)/MOREILÂNDIA;142; R$  42,61 
BOM NOME (SAO JOSE DO BELMONTE)/MOREILÂNDIA;142; R$  71,59 
BOM NOME (SAO JOSE DO BELMONTE)/EXU;173; R$  51,92 
BOM NOME (SAO JOSE DO BELMONTE)/EXU;173; R$  87,22 
BOM NOME (SAO JOSE DO BELMONTE)/BODOCO;214; R$  64,22 
BOM NOME (SAO JOSE DO BELMONTE)/BODOCO;214; R$  107,89 
SALGUEIRO/SERRITA;29; R$  8,70 
SALGUEIRO/SERRITA;29; R$  14,62 
SALGUEIRO/MOREILÂNDIA;78; R$  23,41 
SALGUEIRO/MOREILÂNDIA;78; R$  39,32 
SALGUEIRO/EXU;110; R$  33,01 
SALGUEIRO/EXU;110; R$  55,46 
SALGUEIRO/BODOCO;150; R$  45,01 
SALGUEIRO/BODOCO;150; R$  75,62 
SERRITA/MOREILÂNDIA;51; R$  15,30 
SERRITA/MOREILÂNDIA;51; R$  25,71 
SERRITA/EXU;82; R$  24,61 
SERRITA/EXU;82; R$  41,34 
SERRITA/BODOCO;123; R$  36,91 
SERRITA/BODOCO;123; R$  62,01 
MOREILÂNDIA/EXU;32; R$  9,60 
MOREILÂNDIA/EXU;32; R$  16,13 
MOREILÂNDIA/BODOCO;72; R$  21,61 
MOREILÂNDIA/BODOCO;72; R$  36,30 
EXU/BODOCO;40; R$  12,00 
EXU/BODOCO;40; R$  20,17 
RECIFE/SALGUEIRO;502; R$  150,65 
RECIFE/SALGUEIRO;502; R$  253,09 
RECIFE/CARUARU;123; R$  36,91 
RECIFE/CARUARU;123; R$  62,01 
RECIFE/SERRA TALHADA;403; R$  120,94 
RECIFE/SERRA TALHADA;403; R$  203,18 
RECIFE/ENTRADA DE MIRANDIBA(SAO JOSE DO BELMONTE);463; R$  138,94 
RECIFE/ENTRADA DE MIRANDIBA(SAO JOSE DO BELMONTE);463; R$  233,43 
RECIFE/SALGUEIRO;502; R$  150,65 
RECIFE/SALGUEIRO;502; R$  253,09 
CARUARU/SERRA TALHADA;280; R$  84,03 
CARUARU/SERRA TALHADA;280; R$  141,17 
CARUARU/ENTRADA DE MIRANDIBA(SAO JOSE DO BELMONTE);329; R$  98,73 
CARUARU/ENTRADA DE MIRANDIBA(SAO JOSE DO BELMONTE);329; R$  165,87 
CARUARU/SALGUEIRO;381; R$  114,34 
CARUARU/SALGUEIRO;381; R$  192,09 
SERRA TALHADA/ENTRADA DE MIRANDIBA(SAO JOSE DO BELMONTE);50; R$  15,00 
SERRA TALHADA/ENTRADA DE MIRANDIBA(SAO JOSE DO BELMONTE);50; R$  25,21 
SERRA TALHADA/SALGUEIRO;102; R$  30,61 
SERRA TALHADA/SALGUEIRO;102; R$  51,42 
ENTRADA DE MIRANDIBA(SAO JOSE DO BELMONTE)/SALGUEIRO;52; R$  15,60 
ENTRADA DE MIRANDIBA(SAO JOSE DO BELMONTE)/SALGUEIRO;52; R$  26,22 
RECIFE/PETROLINA (VIA SALGUEIRO);750; R$  225,07 
RECIFE/VITORIA DE SANTO ANTAO;40; R$  12,00 
RECIFE/POMBOS;54; R$  16,21 
RECIFE/GRAVATÁ;78; R$  23,41 
RECIFE/BEZERROS;104; R$  31,21 
RECIFE/CARUARU;123; R$  36,91 
RECIFE/SAO CAETANO;150; R$  45,01 
RECIFE/TACAIMBO;158; R$  47,42 
RECIFE/BELO JARDIM;170; R$  51,02 
RECIFE/SANHARO;187; R$  56,12 
RECIFE/PESQUEIRA;202; R$  60,62 
RECIFE/MIMOSO;226; R$  67,82 
RECIFE/ARCOVERDE;247; R$  74,12 
RECIFE/CRUZEIRO DO NORDESTE;269; R$  80,73 
RECIFE/ALGODÕES;280; R$  84,03 
RECIFE/RIO DA BARRA;303; R$  90,93 
RECIFE/CUSTODIA;325; R$  97,53 
RECIFE/SÍTIO DOS NUNES;350; R$  105,03 
RECIFE/SERRA TALHADA;403; R$  120,94 
RECIFE/SALGUEIRO;502; R$  150,65 
RECIFE/CABROBO;519; R$  155,75 
RECIFE/OROCO;557; R$  167,15 
RECIFE/SANTA MARIA DA BOA VISTA;594; R$  178,26 
RECIFE/LAGOA GRANDE;648; R$  194,46 
RECIFE/PETROLINA;750; R$  225,07 
VITORIA DE SANTO ANTAO/POMBOS;17; R$  5,10 
VITORIA DE SANTO ANTAO/GRAVATÁ;37; R$  11,10 
VITORIA DE SANTO ANTAO/BEZERROS;56; R$  16,81 
VITORIA DE SANTO ANTAO/CARUARU;86; R$  25,81 
VITORIA DE SANTO ANTAO/SAO CAETANO;101; R$  30,31 
VITORIA DE SANTO ANTAO/TACAIMBO;119; R$  35,71 
VITORIA DE SANTO ANTAO/BELO JARDIM;133; R$  39,91 
VITORIA DE SANTO ANTAO/SANHARO;149; R$  44,71 
VITORIA DE SANTO ANTAO/PESQUEIRA;164; R$  49,22 
VITORIA DE SANTO ANTAO/MIMOSO;187; R$  56,12 
VITORIA DE SANTO ANTAO/ARCOVERDE;209; R$  62,72 
VITORIA DE SANTO ANTAO/CRUZEIRO DO NORDESTE;232; R$  69,62 
VITORIA DE SANTO ANTAO/ALGODÕES;242; R$  72,62 
VITORIA DE SANTO ANTAO/RIO DA BARRA;266; R$  79,83 
VITORIA DE SANTO ANTAO/CUSTODIA;292; R$  87,63 
VITORIA DE SANTO ANTAO/SÍTIO DOS NUNES;316; R$  94,83 
VITORIA DE SANTO ANTAO/SERRA TALHADA;370; R$  111,04 
VITORIA DE SANTO ANTAO/SALGUEIRO;471; R$  141,35 
VITORIA DE SANTO ANTAO/CABROBO;537; R$  161,15 
VITORIA DE SANTO ANTAO/OROCO;575; R$  172,56 
VITORIA DE SANTO ANTAO/SANTA MARIA DA BOA VISTA;611; R$  183,36 
VITORIA DE SANTO ANTAO/LAGOA GRANDE;667; R$  200,16 
VITORIA DE SANTO ANTAO/PETROLINA;720; R$  216,07 
POMBOS/GRAVATÁ;23; R$  6,90 
POMBOS/BEZERROS;44; R$  13,20 
POMBOS/CARUARU;73; R$  21,91 
POMBOS/SAO CAETANO;88; R$  26,41 
POMBOS/TACAIMBO;106; R$  31,81 
POMBOS/BELO JARDIM;120; R$  36,01 
POMBOS/SANHARO;137; R$  41,11 
POMBOS/PESQUEIRA;152; R$  45,61 
POMBOS/MIMOSO;174; R$  52,22 
POMBOS/ARCOVERDE;193; R$  57,92 
POMBOS/CRUZEIRO DO NORDESTE;219; R$  65,72 
POMBOS/ALGODÕES;230; R$  69,02 
POMBOS/RIO DA BARRA;254; R$  76,22 
POMBOS/CUSTODIA;280; R$  84,03 
POMBOS/SÍTIO DOS NUNES;303; R$  90,93 
POMBOS/SERRA TALHADA;358; R$  107,43 
POMBOS/SALGUEIRO;459; R$  137,74 
POMBOS/CABROBO;525; R$  157,55 
POMBOS/OROCO;562; R$  168,65 
POMBOS/SANTA MARIA DA BOA VISTA;599; R$  179,76 
POMBOS/LAGOA GRANDE;655; R$  196,56 
POMBOS/PETROLINA;708; R$  212,47 
GRAVATÁ/BEZERROS;24; R$  7,20 
GRAVATÁ/CARUARU;47; R$  14,10 
GRAVATÁ/SAO CAETANO;70; R$  21,01 
GRAVATÁ/TACAIMBO;88; R$  26,41 
GRAVATÁ/BELO JARDIM;102; R$  30,61 
GRAVATÁ/SANHARO;118; R$  35,41 
GRAVATÁ/PESQUEIRA;132; R$  39,61 
GRAVATÁ/MIMOSO;155; R$  46,51 
GRAVATÁ/ARCOVERDE;173; R$  51,92 
GRAVATÁ/CRUZEIRO DO NORDESTE;200; R$  60,02 
GRAVATÁ/ALGODÕES;211; R$  63,32 
GRAVATÁ/RIO DA BARRA;235; R$  70,52 
GRAVATÁ/CUSTODIA;261; R$  78,33 
GRAVATÁ/SÍTIO DOS NUNES;284; R$  85,23 
GRAVATÁ/SERRA TALHADA;339; R$  101,73 
GRAVATÁ/SALGUEIRO;440; R$  132,04 
GRAVATÁ/CABROBO;506; R$  151,85 
GRAVATÁ/OROCO;543; R$  162,95 
GRAVATÁ/SANTA MARIA DA BOA VISTA;580; R$  174,06 
GRAVATÁ/LAGOA GRANDE;636; R$  190,86 
GRAVATÁ/PETROLINA;689; R$  206,77 
BEZERROS/CARUARU;31; R$  9,30 
BEZERROS/SAO CAETANO;46; R$  13,80 
BEZERROS/TACAIMBO;64; R$  19,21 
BEZERROS/BELO JARDIM;77; R$  23,11 
BEZERROS/SANHARO;94; R$  28,21 
BEZERROS/PESQUEIRA;109; R$  32,71 
BEZERROS/MIMOSO;132; R$  39,61 
BEZERROS/ARCOVERDE;154; R$  46,21 
BEZERROS/CRUZEIRO DO NORDESTE;177; R$  53,12 
BEZERROS/ALGODÕES;187; R$  56,12 
BEZERROS/RIO DA BARRA;211; R$  63,32 
BEZERROS/CUSTODIA;237; R$  71,12 
BEZERROS/SÍTIO DOS NUNES;261; R$  78,33 
BEZERROS/SERRA TALHADA;315; R$  94,53 
BEZERROS/SALGUEIRO;416; R$  124,84 
BEZERROS/CABROBO;492; R$  147,65 
BEZERROS/OROCO;530; R$  159,05 
BEZERROS/SANTA MARIA DA BOA VISTA;557; R$  167,15 
BEZERROS/LAGOA GRANDE;612; R$  183,66 
BEZERROS/PETROLINA;665; R$  199,56 
CARUARU/SAO CAETANO;18; R$  5,40 
CARUARU/TACAIMBO;36; R$  10,80 
CARUARU/BELO JARDIM;50; R$  15,00 
CARUARU/SANHARO;70; R$  21,01 
CARUARU/PESQUEIRA;87; R$  26,11 
CARUARU/MIMOSO;112; R$  33,61 
CARUARU/ARCOVERDE;135; R$  40,51 
CARUARU/CRUZEIRO DO NORDESTE;157; R$  47,12 
CARUARU/ALGODÕES;168; R$  50,42 
CARUARU/RIO DA BARRA;192; R$  57,62 
CARUARU/SÍTIO DOS NUNES;236; R$  70,82 
CARUARU/SERRA TALHADA;280; R$  84,03 
CARUARU/SALGUEIRO;381; R$  114,34 
CARUARU/CABROBO;456; R$  136,84 
CARUARU/OROCO;490; R$  147,05 
CARUARU/SANTA MARIA DA BOA VISTA;526; R$  157,85 
CARUARU/LAGOA GRANDE;580; R$  174,06 
CARUARU/PETROLINA;633; R$  189,96 
SAO CAETANO/TACAIMBO;17; R$  5,10 
SAO CAETANO/BELO JARDIM;33; R$  9,90 
SAO CAETANO/SANHARO;49; R$  14,70 
SAO CAETANO/PESQUEIRA;65; R$  19,51 
SAO CAETANO/MIMOSO;88; R$  26,41 
SAO CAETANO/ARCOVERDE;112; R$  33,61 
SAO CAETANO/CRUZEIRO DO NORDESTE;134; R$  40,21 
SAO CAETANO/ALGODÕES;145; R$  43,51 
SAO CAETANO/RIO DA BARRA;169; R$  50,72 
SAO CAETANO/SÍTIO DOS NUNES;213; R$  63,92 
SAO CAETANO/SERRA TALHADA;268; R$  80,43 
SAO CAETANO/SALGUEIRO;369; R$  110,74 
SAO CAETANO/CABROBO;445; R$  133,54 
SAO CAETANO/OROCO;483; R$  144,95 
SAO CAETANO/SANTA MARIA DA BOA VISTA;519; R$  155,75 
SAO CAETANO/LAGOA GRANDE;575; R$  172,56 
SAO CAETANO/PETROLINA;628; R$  188,46 
TACAIMBO/BELO JARDIM;18; R$  5,40 
TACAIMBO/SANHARO;34; R$  10,20 
TACAIMBO/PESQUEIRA;49; R$  14,70 
TACAIMBO/MIMOSO;72; R$  21,61 
TACAIMBO/ARCOVERDE;95; R$  28,51 
TACAIMBO/CRUZEIRO DO NORDESTE;117; R$  35,11 
TACAIMBO/ALGODÕES;128; R$  38,41 
TACAIMBO/RIO DA BARRA;152; R$  45,61 
TACAIMBO/SÍTIO DOS NUNES;196; R$  58,82 
TACAIMBO/SERRA TALHADA;251; R$  75,32 
TACAIMBO/SALGUEIRO;350; R$  105,03 
TACAIMBO/CABROBO;416; R$  124,84 
TACAIMBO/OROCO;454; R$  136,24 
TACAIMBO/SANTA MARIA DA BOA VISTA;491; R$  147,35 
TACAIMBO/LAGOA GRANDE;546; R$  163,85 
TACAIMBO/PETROLINA;600; R$  180,06 
BELO JARDIM/SANHARO;17; R$  5,10 
BELO JARDIM/PESQUEIRA;32; R$  9,60 
BELO JARDIM/MIMOSO;55; R$  16,51 
BELO JARDIM/ARCOVERDE;77; R$  23,11 
BELO JARDIM/CRUZEIRO DO NORDESTE;100; R$  30,01 
BELO JARDIM/ALGODÕES;111; R$  33,31 
BELO JARDIM/RIO DA BARRA;157; R$  47,12 
BELO JARDIM/SÍTIO DOS NUNES;226; R$  67,82 
BELO JARDIM/SERRA TALHADA;280; R$  84,03 
BELO JARDIM/SALGUEIRO;380; R$  114,04 
BELO JARDIM/CABROBO;446; R$  133,84 
BELO JARDIM/OROCO;484; R$  145,25 
BELO JARDIM/SANTA MARIA DA BOA VISTA;521; R$  156,35 
BELO JARDIM/LAGOA GRANDE;576; R$  172,86 
BELO JARDIM/PETROLINA;629; R$  188,76 
SANHARO/PESQUEIRA;17; R$  5,10 
SANHARO/MIMOSO;39; R$  11,70 
SANHARO/ARCOVERDE;63; R$  18,91 
SANHARO/CRUZEIRO DO NORDESTE;85; R$  25,51 
SANHARO/ALGODÕES;96; R$  28,81 
SANHARO/RIO DA BARRA;120; R$  36,01 
SANHARO/SÍTIO DOS NUNES;165; R$  49,52 
SANHARO/SERRA TALHADA;219; R$  65,72 
SANHARO/SALGUEIRO;320; R$  96,03 
SANHARO/CABROBO;396; R$  118,84 
SANHARO/OROCO;434; R$  130,24 
SANHARO/SANTA MARIA DA BOA VISTA;471; R$  141,35 
SANHARO/LAGOA GRANDE;526; R$  157,85 
SANHARO/PETROLINA;579; R$  173,76 
PESQUEIRA/MIMOSO;25; R$  7,50 
PESQUEIRA/ARCOVERDE;47; R$  14,10 
PESQUEIRA/CRUZEIRO DO NORDESTE;70; R$  21,01 
PESQUEIRA/ALGODÕES;80; R$  24,01 
PESQUEIRA/CUSTODIA;125; R$  37,51 
PESQUEIRA/RIO DA BARRA;151; R$  45,31 
PESQUEIRA/SÍTIO DOS NUNES;196; R$  58,82 
PESQUEIRA/SERRA TALHADA;249; R$  74,72 
PESQUEIRA/SALGUEIRO;350; R$  105,03 
PESQUEIRA/CABROBO;416; R$  124,84 
PESQUEIRA/OROCO;454; R$  136,24 
PESQUEIRA/SANTA MARIA DA BOA VISTA;491; R$  147,35 
PESQUEIRA/LAGOA GRANDE;546; R$  163,85 
PESQUEIRA/PETROLINA;599; R$  179,76 
MIMOSO/ARCOVERDE;24; R$  7,20 
MIMOSO/CRUZEIRO DO NORDESTE;46; R$  13,80 
MIMOSO/ALGODÕES;57; R$  17,11 
MIMOSO/RIO DA BARRA;80; R$  24,01 
MIMOSO/SÍTIO DOS NUNES;130; R$  39,01 
MIMOSO/SERRA TALHADA;185; R$  55,52 
MIMOSO/SALGUEIRO;285; R$  85,53 
MIMOSO/CABROBO;361; R$  108,33 
MIMOSO/OROCO;399; R$  119,74 
MIMOSO/SANTA MARIA DA BOA VISTA;436; R$  130,84 
MIMOSO/LAGOA GRANDE;492; R$  147,65 
MIMOSO/PETROLINA;545; R$  163,55 
ARCOVERDE/CRUZEIRO DO NORDESTE;24; R$  7,20 
ARCOVERDE/ALGODÕES;35; R$  10,50 
ARCOVERDE/RIO DA BARRA;59; R$  17,71 
ARCOVERDE/SÍTIO DOS NUNES;109; R$  32,71 
ARCOVERDE/SERRA TALHADA;163; R$  48,92 
ARCOVERDE/SALGUEIRO;264; R$  79,23 
ARCOVERDE/CABROBO;340; R$  102,03 
ARCOVERDE/OROCO;378; R$  113,44 
ARCOVERDE/SANTA MARIA DA BOA VISTA;414; R$  124,24 
ARCOVERDE/LAGOA GRANDE;470; R$  141,05 
ARCOVERDE/PETROLINA;523; R$  156,95 
CRUZEIRO DO NORDESTE/ALGODÕES;11; R$  3,30 
CRUZEIRO DO NORDESTE/RIO DA BARRA;35; R$  10,50 
CRUZEIRO DO NORDESTE/SÍTIO DOS NUNES;254; R$  76,22 
CRUZEIRO DO NORDESTE/SERRA TALHADA;133; R$  39,91 
CRUZEIRO DO NORDESTE/SALGUEIRO;234; R$  70,22 
CRUZEIRO DO NORDESTE/CABROBO;250; R$  75,02 
CRUZEIRO DO NORDESTE/OROCO;288; R$  86,43 
CRUZEIRO DO NORDESTE/SANTA MARIA DA BOA VISTA;324; R$  97,23 
CRUZEIRO DO NORDESTE/LAGOA GRANDE;380; R$  114,04 
CRUZEIRO DO NORDESTE/PETROLINA;433; R$  129,94 
ALGODÕES/RIO DA BARRA;24; R$  7,20 
ALGODÕES/CUSTODIA;45; R$  13,50 
ALGODÕES/SÍTIO DOS NUNES;68; R$  20,41 
ALGODÕES/SERRA TALHADA;122; R$  36,61 
ALGODÕES/SALGUEIRO;225; R$  67,52 
ALGODÕES/CABROBO;300; R$  90,03 
ALGODÕES/OROCO;338; R$  101,43 
ALGODÕES/SANTA MARIA DA BOA VISTA;374; R$  112,24 
ALGODÕES/LAGOA GRANDE;430; R$  129,04 
ALGODÕES/PETROLINA;483; R$  144,95 
RIO DA BARRA/SÍTIO DOS NUNES;50; R$  15,00 
RIO DA BARRA/SERRA TALHADA;104; R$  31,21 
RIO DA BARRA/SALGUEIRO;205; R$  61,52 
RIO DA BARRA/CABROBO;281; R$  84,33 
RIO DA BARRA/OROCO;319; R$  95,73 
RIO DA BARRA/SANTA MARIA DA BOA VISTA;356; R$  106,83 
RIO DA BARRA/LAGOA GRANDE;411; R$  123,34 
RIO DA BARRA/PETROLINA;464; R$  139,24 
CUSTODIA/SÍTIO DOS NUNES;24; R$  7,20 
CUSTODIA/SERRA TALHADA;78; R$  23,41 
CUSTODIA/SALGUEIRO;182; R$  54,62 
CUSTODIA/CABROBO;269; R$  80,73 
CUSTODIA/OROCO;307; R$  92,13 
CUSTODIA/SANTA MARIA DA BOA VISTA;344; R$  103,23 
CUSTODIA/LAGOA GRANDE;399; R$  119,74 
CUSTODIA/PETROLINA;452; R$  135,64 
SÍTIO DOS NUNES/SERRA TALHADA;55; R$  16,51 
SÍTIO DOS NUNES/SALGUEIRO;158; R$  47,42 
SÍTIO DOS NUNES/CABROBO;245; R$  73,52 
SÍTIO DOS NUNES/OROCO;283; R$  84,93 
SÍTIO DOS NUNES/SANTA MARIA DA BOA VISTA;320; R$  96,03 
SÍTIO DOS NUNES/LAGOA GRANDE;375; R$  112,54 
SÍTIO DOS NUNES/PETROLINA;428; R$  128,44 
SERRA TALHADA/SALGUEIRO;102; R$  30,61 
SERRA TALHADA/CABROBO;184; R$  55,22 
SERRA TALHADA/OROCO;206; R$  61,82 
SERRA TALHADA/SANTA MARIA DA BOA VISTA;258; R$  77,42 
SERRA TALHADA/LAGOA GRANDE;314; R$  94,23 
SERRA TALHADA/PETROLINA;367; R$  110,14 
SALGUEIRO/CABROBO;66; R$  19,81 
SALGUEIRO/OROCO;104; R$  31,21 
SALGUEIRO/SANTA MARIA DA BOA VISTA;140; R$  42,01 
SALGUEIRO/LAGOA GRANDE;196; R$  58,82 
SALGUEIRO/PETROLINA;249; R$  74,72 
CABROBO/OROCO;38; R$  11,40 
CABROBO/SANTA MARIA DA BOA VISTA;75; R$  22,51 
CABROBO/LAGOA GRANDE;130; R$  39,01 
CABROBO/PETROLINA;183; R$  54,92 
OROCO/SANTA MARIA DA BOA VISTA;37; R$  11,10 
OROCO/LAGOA GRANDE;91; R$  27,31 
OROCO/PETROLINA;145; R$  43,51 
SANTA MARIA DA BOA VISTA/LAGOA GRANDE;55; R$  16,51 
SANTA MARIA DA BOA VISTA/PETROLINA;109; R$  32,71 
LAGOA GRANDE/PETROLINA;53; R$  15,91 
RECIFE/BELO JARDIM;170; R$  43,26 
RECIFE/CARUARU;123; R$  31,30 
RECIFE/SAO CAETANO;150; R$  38,17 
RECIFE/TACAIMBO;158; R$  40,21 
RECIFE/BELO JARDIM;170; R$  43,26 
CARUARU/SAO CAETANO;18; R$  4,58 
CARUARU/TACAIMBO;36; R$  9,16 
CARUARU/BELO JARDIM;50; R$  12,72 
SAO CAETANO/TACAIMBO;17; R$  4,33 
SAO CAETANO/BELO JARDIM;33; R$  8,40 
TACAIMBO/BELO JARDIM;18; R$  4,58 
